image,mean_err_px,median_err_px,rmse_err_px,min_err_px,max_err_px,max_err_joint,csv,json,overlay
sample_0000_right_ZY20210800001_H1_C1_N19_S100_s02_T1_f000000.jpg,1.3896011124,0.7454750751,2.1416813481,0.1599233508,6.1561862547,4,hoi4d_samples2/mano_projection_vs_gt_2djoints/csv/sample_0000_right_ZY20210800001_H1_C1_N19_S100_s02_T1_f000000_mano_vs_gt.csv,hoi4d_samples2/mano_projection_vs_gt_2djoints/json/sample_0000_right_ZY20210800001_H1_C1_N19_S100_s02_T1_f000000_mano_vs_gt.json,hoi4d_samples2/mano_projection_vs_gt_2djoints/overlays/sample_0000_right_ZY20210800001_H1_C1_N19_S100_s02_T1_f000000_mano_vs_gt.jpg
sample_0001_right_ZY20210800001_H1_C1_N19_S100_s02_T1_f000042.jpg,1.3656708206,0.7997481205,1.9911159370,0.3266627121,5.2398473935,4,hoi4d_samples2/mano_projection_vs_gt_2djoints/csv/sample_0001_right_ZY20210800001_H1_C1_N19_S100_s02_T1_f000042_mano_vs_gt.csv,hoi4d_samples2/mano_projection_vs_gt_2djoints/json/sample_0001_right_ZY20210800001_H1_C1_N19_S100_s02_T1_f000042_mano_vs_gt.json,hoi4d_samples2/mano_projection_vs_gt_2djoints/overlays/sample_0001_right_ZY20210800001_H1_C1_N19_S100_s02_T1_f000042_mano_vs_gt.jpg
sample_0002_right_ZY20210800001_H1_C1_N19_S100_s02_T1_f000085.jpg,1.3219573822,0.7910885691,1.9718748747,0.1820117126,5.5117982616,4,hoi4d_samples2/mano_projection_vs_gt_2djoints/csv/sample_0002_right_ZY20210800001_H1_C1_N19_S100_s02_T1_f000085_mano_vs_gt.csv,hoi4d_samples2/mano_projection_vs_gt_2djoints/json/sample_0002_right_ZY20210800001_H1_C1_N19_S100_s02_T1_f000085_mano_vs_gt.json,hoi4d_samples2/mano_projection_vs_gt_2djoints/overlays/sample_0002_right_ZY20210800001_H1_C1_N19_S100_s02_T1_f000085_mano_vs_gt.jpg
sample_0003_right_ZY20210800001_H1_C1_N19_S100_s02_T1_f000128.jpg,1.3354105686,0.9003960567,1.8830801784,0.1236313051,5.1573269683,8,hoi4d_samples2/mano_projection_vs_gt_2djoints/csv/sample_0003_right_ZY20210800001_H1_C1_N19_S100_s02_T1_f000128_mano_vs_gt.csv,hoi4d_samples2/mano_projection_vs_gt_2djoints/json/sample_0003_right_ZY20210800001_H1_C1_N19_S100_s02_T1_f000128_mano_vs_gt.json,hoi4d_samples2/mano_projection_vs_gt_2djoints/overlays/sample_0003_right_ZY20210800001_H1_C1_N19_S100_s02_T1_f000128_mano_vs_gt.jpg
sample_0004_right_ZY20210800001_H1_C1_N19_S100_s02_T1_f000170.jpg,1.2805893264,0.7237188763,1.9953153303,0.2305833311,5.8567278845,4,hoi4d_samples2/mano_projection_vs_gt_2djoints/csv/sample_0004_right_ZY20210800001_H1_C1_N19_S100_s02_T1_f000170_mano_vs_gt.csv,hoi4d_samples2/mano_projection_vs_gt_2djoints/json/sample_0004_right_ZY20210800001_H1_C1_N19_S100_s02_T1_f000170_mano_vs_gt.json,hoi4d_samples2/mano_projection_vs_gt_2djoints/overlays/sample_0004_right_ZY20210800001_H1_C1_N19_S100_s02_T1_f000170_mano_vs_gt.jpg
sample_0005_right_ZY20210800001_H1_C2_N11_S212_s03_T2_f000019.jpg,1.3573442477,0.7881839526,1.9949038347,0.3685990982,5.8604815570,8,hoi4d_samples2/mano_projection_vs_gt_2djoints/csv/sample_0005_right_ZY20210800001_H1_C2_N11_S212_s03_T2_f000019_mano_vs_gt.csv,hoi4d_samples2/mano_projection_vs_gt_2djoints/json/sample_0005_right_ZY20210800001_H1_C2_N11_S212_s03_T2_f000019_mano_vs_gt.json,hoi4d_samples2/mano_projection_vs_gt_2djoints/overlays/sample_0005_right_ZY20210800001_H1_C2_N11_S212_s03_T2_f000019_mano_vs_gt.jpg
sample_0006_right_ZY20210800001_H1_C2_N11_S212_s03_T2_f000054.jpg,1.2273511869,0.8446652430,1.6916182277,0.2204559215,4.7326628894,8,hoi4d_samples2/mano_projection_vs_gt_2djoints/csv/sample_0006_right_ZY20210800001_H1_C2_N11_S212_s03_T2_f000054_mano_vs_gt.csv,hoi4d_samples2/mano_projection_vs_gt_2djoints/json/sample_0006_right_ZY20210800001_H1_C2_N11_S212_s03_T2_f000054_mano_vs_gt.json,hoi4d_samples2/mano_projection_vs_gt_2djoints/overlays/sample_0006_right_ZY20210800001_H1_C2_N11_S212_s03_T2_f000054_mano_vs_gt.jpg
sample_0007_right_ZY20210800001_H1_C2_N11_S212_s03_T2_f000089.jpg,1.2094110491,0.7522806865,1.7650099879,0.1745623614,4.9258267883,8,hoi4d_samples2/mano_projection_vs_gt_2djoints/csv/sample_0007_right_ZY20210800001_H1_C2_N11_S212_s03_T2_f000089_mano_vs_gt.csv,hoi4d_samples2/mano_projection_vs_gt_2djoints/json/sample_0007_right_ZY20210800001_H1_C2_N11_S212_s03_T2_f000089_mano_vs_gt.json,hoi4d_samples2/mano_projection_vs_gt_2djoints/overlays/sample_0007_right_ZY20210800001_H1_C2_N11_S212_s03_T2_f000089_mano_vs_gt.jpg
sample_0008_right_ZY20210800001_H1_C2_N11_S212_s03_T2_f000124.jpg,1.2233027602,0.7595666401,1.6645965563,0.2353808576,4.5109990228,4,hoi4d_samples2/mano_projection_vs_gt_2djoints/csv/sample_0008_right_ZY20210800001_H1_C2_N11_S212_s03_T2_f000124_mano_vs_gt.csv,hoi4d_samples2/mano_projection_vs_gt_2djoints/json/sample_0008_right_ZY20210800001_H1_C2_N11_S212_s03_T2_f000124_mano_vs_gt.json,hoi4d_samples2/mano_projection_vs_gt_2djoints/overlays/sample_0008_right_ZY20210800001_H1_C2_N11_S212_s03_T2_f000124_mano_vs_gt.jpg
sample_0009_right_ZY20210800001_H1_C2_N11_S212_s03_T2_f000159.jpg,1.2276445786,0.6247380455,2.0658775502,0.1864808641,6.2120321464,8,hoi4d_samples2/mano_projection_vs_gt_2djoints/csv/sample_0009_right_ZY20210800001_H1_C2_N11_S212_s03_T2_f000159_mano_vs_gt.csv,hoi4d_samples2/mano_projection_vs_gt_2djoints/json/sample_0009_right_ZY20210800001_H1_C2_N11_S212_s03_T2_f000159_mano_vs_gt.json,hoi4d_samples2/mano_projection_vs_gt_2djoints/overlays/sample_0009_right_ZY20210800001_H1_C2_N11_S212_s03_T2_f000159_mano_vs_gt.jpg
sample_0010_right_ZY20210800001_H1_C3_N01_S54_s05_T2_f000000.jpg,1.2774360106,0.7515078788,1.8708028216,0.0293930706,5.1458679058,4,hoi4d_samples2/mano_projection_vs_gt_2djoints/csv/sample_0010_right_ZY20210800001_H1_C3_N01_S54_s05_T2_f000000_mano_vs_gt.csv,hoi4d_samples2/mano_projection_vs_gt_2djoints/json/sample_0010_right_ZY20210800001_H1_C3_N01_S54_s05_T2_f000000_mano_vs_gt.json,hoi4d_samples2/mano_projection_vs_gt_2djoints/overlays/sample_0010_right_ZY20210800001_H1_C3_N01_S54_s05_T2_f000000_mano_vs_gt.jpg
sample_0011_right_ZY20210800001_H1_C3_N01_S54_s05_T2_f000041.jpg,1.2894655476,0.7279190126,2.0417326311,0.2000797872,6.2454277726,8,hoi4d_samples2/mano_projection_vs_gt_2djoints/csv/sample_0011_right_ZY20210800001_H1_C3_N01_S54_s05_T2_f000041_mano_vs_gt.csv,hoi4d_samples2/mano_projection_vs_gt_2djoints/json/sample_0011_right_ZY20210800001_H1_C3_N01_S54_s05_T2_f000041_mano_vs_gt.json,hoi4d_samples2/mano_projection_vs_gt_2djoints/overlays/sample_0011_right_ZY20210800001_H1_C3_N01_S54_s05_T2_f000041_mano_vs_gt.jpg
sample_0012_right_ZY20210800001_H1_C3_N01_S54_s05_T2_f000091.jpg,1.3505651078,0.7918106077,2.0345099236,0.3489785836,6.4120232198,4,hoi4d_samples2/mano_projection_vs_gt_2djoints/csv/sample_0012_right_ZY20210800001_H1_C3_N01_S54_s05_T2_f000091_mano_vs_gt.csv,hoi4d_samples2/mano_projection_vs_gt_2djoints/json/sample_0012_right_ZY20210800001_H1_C3_N01_S54_s05_T2_f000091_mano_vs_gt.json,hoi4d_samples2/mano_projection_vs_gt_2djoints/overlays/sample_0012_right_ZY20210800001_H1_C3_N01_S54_s05_T2_f000091_mano_vs_gt.jpg
sample_0013_right_ZY20210800001_H1_C3_N01_S54_s05_T2_f000133.jpg,1.2672325109,0.7488876230,1.9980262641,0.1178454318,5.8587303060,4,hoi4d_samples2/mano_projection_vs_gt_2djoints/csv/sample_0013_right_ZY20210800001_H1_C3_N01_S54_s05_T2_f000133_mano_vs_gt.csv,hoi4d_samples2/mano_projection_vs_gt_2djoints/json/sample_0013_right_ZY20210800001_H1_C3_N01_S54_s05_T2_f000133_mano_vs_gt.json,hoi4d_samples2/mano_projection_vs_gt_2djoints/overlays/sample_0013_right_ZY20210800001_H1_C3_N01_S54_s05_T2_f000133_mano_vs_gt.jpg
sample_0014_right_ZY20210800001_H1_C3_N01_S54_s05_T2_f000174.jpg,1.3627724656,0.7553956337,1.9166188942,0.2814853215,5.4150409865,4,hoi4d_samples2/mano_projection_vs_gt_2djoints/csv/sample_0014_right_ZY20210800001_H1_C3_N01_S54_s05_T2_f000174_mano_vs_gt.csv,hoi4d_samples2/mano_projection_vs_gt_2djoints/json/sample_0014_right_ZY20210800001_H1_C3_N01_S54_s05_T2_f000174_mano_vs_gt.json,hoi4d_samples2/mano_projection_vs_gt_2djoints/overlays/sample_0014_right_ZY20210800001_H1_C3_N01_S54_s05_T2_f000174_mano_vs_gt.jpg
sample_0015_right_ZY20210800001_H1_C5_N15_S57_s03_T1_f000022.jpg,1.3532626859,0.6359302799,2.1842333535,0.2564455222,6.2185908005,8,hoi4d_samples2/mano_projection_vs_gt_2djoints/csv/sample_0015_right_ZY20210800001_H1_C5_N15_S57_s03_T1_f000022_mano_vs_gt.csv,hoi4d_samples2/mano_projection_vs_gt_2djoints/json/sample_0015_right_ZY20210800001_H1_C5_N15_S57_s03_T1_f000022_mano_vs_gt.json,hoi4d_samples2/mano_projection_vs_gt_2djoints/overlays/sample_0015_right_ZY20210800001_H1_C5_N15_S57_s03_T1_f000022_mano_vs_gt.jpg
sample_0016_right_ZY20210800001_H1_C5_N15_S57_s03_T1_f000061.jpg,1.1931694883,0.5546809399,1.8908188978,0.1867330663,5.6521837543,4,hoi4d_samples2/mano_projection_vs_gt_2djoints/csv/sample_0016_right_ZY20210800001_H1_C5_N15_S57_s03_T1_f000061_mano_vs_gt.csv,hoi4d_samples2/mano_projection_vs_gt_2djoints/json/sample_0016_right_ZY20210800001_H1_C5_N15_S57_s03_T1_f000061_mano_vs_gt.json,hoi4d_samples2/mano_projection_vs_gt_2djoints/overlays/sample_0016_right_ZY20210800001_H1_C5_N15_S57_s03_T1_f000061_mano_vs_gt.jpg
sample_0017_right_ZY20210800001_H1_C5_N15_S57_s03_T1_f000101.jpg,1.2181491275,0.7029573917,1.8783122515,0.0592416667,5.4237549043,4,hoi4d_samples2/mano_projection_vs_gt_2djoints/csv/sample_0017_right_ZY20210800001_H1_C5_N15_S57_s03_T1_f000101_mano_vs_gt.csv,hoi4d_samples2/mano_projection_vs_gt_2djoints/json/sample_0017_right_ZY20210800001_H1_C5_N15_S57_s03_T1_f000101_mano_vs_gt.json,hoi4d_samples2/mano_projection_vs_gt_2djoints/overlays/sample_0017_right_ZY20210800001_H1_C5_N15_S57_s03_T1_f000101_mano_vs_gt.jpg
sample_0018_right_ZY20210800001_H1_C5_N15_S57_s03_T1_f000140.jpg,1.2910468613,0.7425912444,1.9237484820,0.1766744040,5.5802060507,4,hoi4d_samples2/mano_projection_vs_gt_2djoints/csv/sample_0018_right_ZY20210800001_H1_C5_N15_S57_s03_T1_f000140_mano_vs_gt.csv,hoi4d_samples2/mano_projection_vs_gt_2djoints/json/sample_0018_right_ZY20210800001_H1_C5_N15_S57_s03_T1_f000140_mano_vs_gt.json,hoi4d_samples2/mano_projection_vs_gt_2djoints/overlays/sample_0018_right_ZY20210800001_H1_C5_N15_S57_s03_T1_f000140_mano_vs_gt.jpg
sample_0019_right_ZY20210800001_H1_C5_N15_S57_s03_T1_f000180.jpg,1.4023601636,0.8165805017,2.1604583246,0.0805345930,6.0783882482,8,hoi4d_samples2/mano_projection_vs_gt_2djoints/csv/sample_0019_right_ZY20210800001_H1_C5_N15_S57_s03_T1_f000180_mano_vs_gt.csv,hoi4d_samples2/mano_projection_vs_gt_2djoints/json/sample_0019_right_ZY20210800001_H1_C5_N15_S57_s03_T1_f000180_mano_vs_gt.json,hoi4d_samples2/mano_projection_vs_gt_2djoints/overlays/sample_0019_right_ZY20210800001_H1_C5_N15_S57_s03_T1_f000180_mano_vs_gt.jpg
sample_0020_right_ZY20210800001_H1_C7_N11_S270_s03_T1_f000020.jpg,1.3831141762,0.6860350623,2.1662855436,0.2087281170,5.8226952535,8,hoi4d_samples2/mano_projection_vs_gt_2djoints/csv/sample_0020_right_ZY20210800001_H1_C7_N11_S270_s03_T1_f000020_mano_vs_gt.csv,hoi4d_samples2/mano_projection_vs_gt_2djoints/json/sample_0020_right_ZY20210800001_H1_C7_N11_S270_s03_T1_f000020_mano_vs_gt.json,hoi4d_samples2/mano_projection_vs_gt_2djoints/overlays/sample_0020_right_ZY20210800001_H1_C7_N11_S270_s03_T1_f000020_mano_vs_gt.jpg
sample_0021_right_ZY20210800001_H1_C7_N11_S270_s03_T1_f000055.jpg,1.1416457646,0.5107058230,1.8461912999,0.0076845429,4.9548912493,4,hoi4d_samples2/mano_projection_vs_gt_2djoints/csv/sample_0021_right_ZY20210800001_H1_C7_N11_S270_s03_T1_f000055_mano_vs_gt.csv,hoi4d_samples2/mano_projection_vs_gt_2djoints/json/sample_0021_right_ZY20210800001_H1_C7_N11_S270_s03_T1_f000055_mano_vs_gt.json,hoi4d_samples2/mano_projection_vs_gt_2djoints/overlays/sample_0021_right_ZY20210800001_H1_C7_N11_S270_s03_T1_f000055_mano_vs_gt.jpg
sample_0022_right_ZY20210800001_H1_C7_N11_S270_s03_T1_f000091.jpg,1.2566998487,0.8042864597,1.7924328804,0.1838998375,5.0165666111,4,hoi4d_samples2/mano_projection_vs_gt_2djoints/csv/sample_0022_right_ZY20210800001_H1_C7_N11_S270_s03_T1_f000091_mano_vs_gt.csv,hoi4d_samples2/mano_projection_vs_gt_2djoints/json/sample_0022_right_ZY20210800001_H1_C7_N11_S270_s03_T1_f000091_mano_vs_gt.json,hoi4d_samples2/mano_projection_vs_gt_2djoints/overlays/sample_0022_right_ZY20210800001_H1_C7_N11_S270_s03_T1_f000091_mano_vs_gt.jpg
sample_0023_right_ZY20210800001_H1_C7_N11_S270_s03_T1_f000126.jpg,1.2501530908,0.8213310673,1.7685144040,0.1031282993,5.0976383184,4,hoi4d_samples2/mano_projection_vs_gt_2djoints/csv/sample_0023_right_ZY20210800001_H1_C7_N11_S270_s03_T1_f000126_mano_vs_gt.csv,hoi4d_samples2/mano_projection_vs_gt_2djoints/json/sample_0023_right_ZY20210800001_H1_C7_N11_S270_s03_T1_f000126_mano_vs_gt.json,hoi4d_samples2/mano_projection_vs_gt_2djoints/overlays/sample_0023_right_ZY20210800001_H1_C7_N11_S270_s03_T1_f000126_mano_vs_gt.jpg
sample_0024_right_ZY20210800001_H1_C7_N11_S270_s03_T1_f000173.jpg,1.4209010297,0.8765565746,2.1197887887,0.2701912698,6.3313167230,8,hoi4d_samples2/mano_projection_vs_gt_2djoints/csv/sample_0024_right_ZY20210800001_H1_C7_N11_S270_s03_T1_f000173_mano_vs_gt.csv,hoi4d_samples2/mano_projection_vs_gt_2djoints/json/sample_0024_right_ZY20210800001_H1_C7_N11_S270_s03_T1_f000173_mano_vs_gt.json,hoi4d_samples2/mano_projection_vs_gt_2djoints/overlays/sample_0024_right_ZY20210800001_H1_C7_N11_S270_s03_T1_f000173_mano_vs_gt.jpg
sample_0025_right_ZY20210800001_H1_C12_N11_S169_s03_T1_f000032.jpg,1.2671179817,0.8032294464,1.8153007159,0.1866647006,4.5659191559,8,hoi4d_samples2/mano_projection_vs_gt_2djoints/csv/sample_0025_right_ZY20210800001_H1_C12_N11_S169_s03_T1_f000032_mano_vs_gt.csv,hoi4d_samples2/mano_projection_vs_gt_2djoints/json/sample_0025_right_ZY20210800001_H1_C12_N11_S169_s03_T1_f000032_mano_vs_gt.json,hoi4d_samples2/mano_projection_vs_gt_2djoints/overlays/sample_0025_right_ZY20210800001_H1_C12_N11_S169_s03_T1_f000032_mano_vs_gt.jpg
sample_0026_right_ZY20210800001_H1_C12_N11_S169_s03_T1_f000065.jpg,1.4536962853,0.8518198269,2.2039409236,0.2649945375,6.8494050033,8,hoi4d_samples2/mano_projection_vs_gt_2djoints/csv/sample_0026_right_ZY20210800001_H1_C12_N11_S169_s03_T1_f000065_mano_vs_gt.csv,hoi4d_samples2/mano_projection_vs_gt_2djoints/json/sample_0026_right_ZY20210800001_H1_C12_N11_S169_s03_T1_f000065_mano_vs_gt.json,hoi4d_samples2/mano_projection_vs_gt_2djoints/overlays/sample_0026_right_ZY20210800001_H1_C12_N11_S169_s03_T1_f000065_mano_vs_gt.jpg
sample_0027_right_ZY20210800001_H1_C12_N11_S169_s03_T1_f000098.jpg,1.1672244281,0.6701988135,1.9618035946,0.1025420488,6.6353872893,8,hoi4d_samples2/mano_projection_vs_gt_2djoints/csv/sample_0027_right_ZY20210800001_H1_C12_N11_S169_s03_T1_f000098_mano_vs_gt.csv,hoi4d_samples2/mano_projection_vs_gt_2djoints/json/sample_0027_right_ZY20210800001_H1_C12_N11_S169_s03_T1_f000098_mano_vs_gt.json,hoi4d_samples2/mano_projection_vs_gt_2djoints/overlays/sample_0027_right_ZY20210800001_H1_C12_N11_S169_s03_T1_f000098_mano_vs_gt.jpg
sample_0028_right_ZY20210800001_H1_C12_N11_S169_s03_T1_f000131.jpg,1.4502409344,0.8632806835,2.1768448715,0.3124380678,6.8421241990,8,hoi4d_samples2/mano_projection_vs_gt_2djoints/csv/sample_0028_right_ZY20210800001_H1_C12_N11_S169_s03_T1_f000131_mano_vs_gt.csv,hoi4d_samples2/mano_projection_vs_gt_2djoints/json/sample_0028_right_ZY20210800001_H1_C12_N11_S169_s03_T1_f000131_mano_vs_gt.json,hoi4d_samples2/mano_projection_vs_gt_2djoints/overlays/sample_0028_right_ZY20210800001_H1_C12_N11_S169_s03_T1_f000131_mano_vs_gt.jpg
sample_0029_right_ZY20210800001_H1_C12_N11_S169_s03_T1_f000190.jpg,1.4810450954,0.8223720856,2.3708559379,0.1598835900,8.1538579560,8,hoi4d_samples2/mano_projection_vs_gt_2djoints/csv/sample_0029_right_ZY20210800001_H1_C12_N11_S169_s03_T1_f000190_mano_vs_gt.csv,hoi4d_samples2/mano_projection_vs_gt_2djoints/json/sample_0029_right_ZY20210800001_H1_C12_N11_S169_s03_T1_f000190_mano_vs_gt.json,hoi4d_samples2/mano_projection_vs_gt_2djoints/overlays/sample_0029_right_ZY20210800001_H1_C12_N11_S169_s03_T1_f000190_mano_vs_gt.jpg
sample_0030_right_ZY20210800001_H1_C13_N11_S132_s03_T1_f000026.jpg,1.2903174087,0.7301607406,1.9831624507,0.1144167794,6.0404130917,8,hoi4d_samples2/mano_projection_vs_gt_2djoints/csv/sample_0030_right_ZY20210800001_H1_C13_N11_S132_s03_T1_f000026_mano_vs_gt.csv,hoi4d_samples2/mano_projection_vs_gt_2djoints/json/sample_0030_right_ZY20210800001_H1_C13_N11_S132_s03_T1_f000026_mano_vs_gt.json,hoi4d_samples2/mano_projection_vs_gt_2djoints/overlays/sample_0030_right_ZY20210800001_H1_C13_N11_S132_s03_T1_f000026_mano_vs_gt.jpg
sample_0031_right_ZY20210800001_H1_C13_N11_S132_s03_T1_f000059.jpg,1.1708232209,0.5792237200,1.9263378060,0.2416921086,5.9319482449,8,hoi4d_samples2/mano_projection_vs_gt_2djoints/csv/sample_0031_right_ZY20210800001_H1_C13_N11_S132_s03_T1_f000059_mano_vs_gt.csv,hoi4d_samples2/mano_projection_vs_gt_2djoints/json/sample_0031_right_ZY20210800001_H1_C13_N11_S132_s03_T1_f000059_mano_vs_gt.json,hoi4d_samples2/mano_projection_vs_gt_2djoints/overlays/sample_0031_right_ZY20210800001_H1_C13_N11_S132_s03_T1_f000059_mano_vs_gt.jpg
sample_0032_right_ZY20210800001_H1_C13_N11_S132_s03_T1_f000093.jpg,1.2428202341,0.7598000613,1.7453295479,0.3902513305,4.7738146197,8,hoi4d_samples2/mano_projection_vs_gt_2djoints/csv/sample_0032_right_ZY20210800001_H1_C13_N11_S132_s03_T1_f000093_mano_vs_gt.csv,hoi4d_samples2/mano_projection_vs_gt_2djoints/json/sample_0032_right_ZY20210800001_H1_C13_N11_S132_s03_T1_f000093_mano_vs_gt.json,hoi4d_samples2/mano_projection_vs_gt_2djoints/overlays/sample_0032_right_ZY20210800001_H1_C13_N11_S132_s03_T1_f000093_mano_vs_gt.jpg
sample_0033_right_ZY20210800001_H1_C13_N11_S132_s03_T1_f000127.jpg,1.1255459954,0.7540107944,1.6407824146,0.1160305183,4.6822513505,8,hoi4d_samples2/mano_projection_vs_gt_2djoints/csv/sample_0033_right_ZY20210800001_H1_C13_N11_S132_s03_T1_f000127_mano_vs_gt.csv,hoi4d_samples2/mano_projection_vs_gt_2djoints/json/sample_0033_right_ZY20210800001_H1_C13_N11_S132_s03_T1_f000127_mano_vs_gt.json,hoi4d_samples2/mano_projection_vs_gt_2djoints/overlays/sample_0033_right_ZY20210800001_H1_C13_N11_S132_s03_T1_f000127_mano_vs_gt.jpg
sample_0034_right_ZY20210800001_H1_C13_N11_S132_s03_T1_f000178.jpg,1.3394554664,0.8403690245,1.9579333007,0.1714725366,5.8490624261,8,hoi4d_samples2/mano_projection_vs_gt_2djoints/csv/sample_0034_right_ZY20210800001_H1_C13_N11_S132_s03_T1_f000178_mano_vs_gt.csv,hoi4d_samples2/mano_projection_vs_gt_2djoints/json/sample_0034_right_ZY20210800001_H1_C13_N11_S132_s03_T1_f000178_mano_vs_gt.json,hoi4d_samples2/mano_projection_vs_gt_2djoints/overlays/sample_0034_right_ZY20210800001_H1_C13_N11_S132_s03_T1_f000178_mano_vs_gt.jpg
sample_0035_right_ZY20210800001_H1_C14_N15_S158_s02_T1_f000032.jpg,1.1558809394,0.8434857984,1.5815534327,0.1881875014,3.7368893067,8,hoi4d_samples2/mano_projection_vs_gt_2djoints/csv/sample_0035_right_ZY20210800001_H1_C14_N15_S158_s02_T1_f000032_mano_vs_gt.csv,hoi4d_samples2/mano_projection_vs_gt_2djoints/json/sample_0035_right_ZY20210800001_H1_C14_N15_S158_s02_T1_f000032_mano_vs_gt.json,hoi4d_samples2/mano_projection_vs_gt_2djoints/overlays/sample_0035_right_ZY20210800001_H1_C14_N15_S158_s02_T1_f000032_mano_vs_gt.jpg
sample_0036_right_ZY20210800001_H1_C14_N15_S158_s02_T1_f000064.jpg,1.1403550763,0.6097008388,1.7318705786,0.2306135055,4.5094086366,12,hoi4d_samples2/mano_projection_vs_gt_2djoints/csv/sample_0036_right_ZY20210800001_H1_C14_N15_S158_s02_T1_f000064_mano_vs_gt.csv,hoi4d_samples2/mano_projection_vs_gt_2djoints/json/sample_0036_right_ZY20210800001_H1_C14_N15_S158_s02_T1_f000064_mano_vs_gt.json,hoi4d_samples2/mano_projection_vs_gt_2djoints/overlays/sample_0036_right_ZY20210800001_H1_C14_N15_S158_s02_T1_f000064_mano_vs_gt.jpg
sample_0037_right_ZY20210800001_H1_C14_N15_S158_s02_T1_f000096.jpg,1.3054636347,0.8035153020,1.9368780323,0.0873130372,5.1896486253,8,hoi4d_samples2/mano_projection_vs_gt_2djoints/csv/sample_0037_right_ZY20210800001_H1_C14_N15_S158_s02_T1_f000096_mano_vs_gt.csv,hoi4d_samples2/mano_projection_vs_gt_2djoints/json/sample_0037_right_ZY20210800001_H1_C14_N15_S158_s02_T1_f000096_mano_vs_gt.json,hoi4d_samples2/mano_projection_vs_gt_2djoints/overlays/sample_0037_right_ZY20210800001_H1_C14_N15_S158_s02_T1_f000096_mano_vs_gt.jpg
sample_0038_right_ZY20210800001_H1_C14_N15_S158_s02_T1_f000128.jpg,1.1151845960,0.7037014366,1.6926752737,0.1046437435,4.9978699577,8,hoi4d_samples2/mano_projection_vs_gt_2djoints/csv/sample_0038_right_ZY20210800001_H1_C14_N15_S158_s02_T1_f000128_mano_vs_gt.csv,hoi4d_samples2/mano_projection_vs_gt_2djoints/json/sample_0038_right_ZY20210800001_H1_C14_N15_S158_s02_T1_f000128_mano_vs_gt.json,hoi4d_samples2/mano_projection_vs_gt_2djoints/overlays/sample_0038_right_ZY20210800001_H1_C14_N15_S158_s02_T1_f000128_mano_vs_gt.jpg
sample_0039_right_ZY20210800001_H1_C14_N15_S158_s02_T1_f000183.jpg,1.2665818221,0.8285791832,1.8134636514,0.2442658245,5.7479394893,8,hoi4d_samples2/mano_projection_vs_gt_2djoints/csv/sample_0039_right_ZY20210800001_H1_C14_N15_S158_s02_T1_f000183_mano_vs_gt.csv,hoi4d_samples2/mano_projection_vs_gt_2djoints/json/sample_0039_right_ZY20210800001_H1_C14_N15_S158_s02_T1_f000183_mano_vs_gt.json,hoi4d_samples2/mano_projection_vs_gt_2djoints/overlays/sample_0039_right_ZY20210800001_H1_C14_N15_S158_s02_T1_f000183_mano_vs_gt.jpg
sample_0040_right_ZY20210800001_H1_C20_N18_S286_s01_T1_f000030.jpg,1.5103116255,0.9091411249,2.2061593432,0.3043437780,6.6583582760,8,hoi4d_samples2/mano_projection_vs_gt_2djoints/csv/sample_0040_right_ZY20210800001_H1_C20_N18_S286_s01_T1_f000030_mano_vs_gt.csv,hoi4d_samples2/mano_projection_vs_gt_2djoints/json/sample_0040_right_ZY20210800001_H1_C20_N18_S286_s01_T1_f000030_mano_vs_gt.json,hoi4d_samples2/mano_projection_vs_gt_2djoints/overlays/sample_0040_right_ZY20210800001_H1_C20_N18_S286_s01_T1_f000030_mano_vs_gt.jpg
sample_0041_right_ZY20210800001_H1_C20_N18_S286_s01_T1_f000059.jpg,1.3458611424,0.7774821190,1.9500436594,0.3181524924,5.3789599914,8,hoi4d_samples2/mano_projection_vs_gt_2djoints/csv/sample_0041_right_ZY20210800001_H1_C20_N18_S286_s01_T1_f000059_mano_vs_gt.csv,hoi4d_samples2/mano_projection_vs_gt_2djoints/json/sample_0041_right_ZY20210800001_H1_C20_N18_S286_s01_T1_f000059_mano_vs_gt.json,hoi4d_samples2/mano_projection_vs_gt_2djoints/overlays/sample_0041_right_ZY20210800001_H1_C20_N18_S286_s01_T1_f000059_mano_vs_gt.jpg
sample_0042_right_ZY20210800001_H1_C20_N18_S286_s01_T1_f000088.jpg,1.2659113360,0.6891827722,1.9550892444,0.2203432460,5.4863394507,4,hoi4d_samples2/mano_projection_vs_gt_2djoints/csv/sample_0042_right_ZY20210800001_H1_C20_N18_S286_s01_T1_f000088_mano_vs_gt.csv,hoi4d_samples2/mano_projection_vs_gt_2djoints/json/sample_0042_right_ZY20210800001_H1_C20_N18_S286_s01_T1_f000088_mano_vs_gt.json,hoi4d_samples2/mano_projection_vs_gt_2djoints/overlays/sample_0042_right_ZY20210800001_H1_C20_N18_S286_s01_T1_f000088_mano_vs_gt.jpg
sample_0043_right_ZY20210800001_H1_C20_N18_S286_s01_T1_f000117.jpg,1.2835891600,0.6318686667,2.0874835695,0.1867980113,5.9439525016,8,hoi4d_samples2/mano_projection_vs_gt_2djoints/csv/sample_0043_right_ZY20210800001_H1_C20_N18_S286_s01_T1_f000117_mano_vs_gt.csv,hoi4d_samples2/mano_projection_vs_gt_2djoints/json/sample_0043_right_ZY20210800001_H1_C20_N18_S286_s01_T1_f000117_mano_vs_gt.json,hoi4d_samples2/mano_projection_vs_gt_2djoints/overlays/sample_0043_right_ZY20210800001_H1_C20_N18_S286_s01_T1_f000117_mano_vs_gt.jpg
sample_0044_right_ZY20210800001_H1_C20_N18_S286_s01_T1_f000162.jpg,1.3918998578,0.7583885229,2.2198240943,0.0866638060,6.6106980467,8,hoi4d_samples2/mano_projection_vs_gt_2djoints/csv/sample_0044_right_ZY20210800001_H1_C20_N18_S286_s01_T1_f000162_mano_vs_gt.csv,hoi4d_samples2/mano_projection_vs_gt_2djoints/json/sample_0044_right_ZY20210800001_H1_C20_N18_S286_s01_T1_f000162_mano_vs_gt.json,hoi4d_samples2/mano_projection_vs_gt_2djoints/overlays/sample_0044_right_ZY20210800001_H1_C20_N18_S286_s01_T1_f000162_mano_vs_gt.jpg
sample_0045_right_ZY20210800002_H2_C1_N01_S336_s02_T1_f000000.jpg,1.3107954591,1.0125657298,1.7470819092,0.1380170380,4.7006279689,4,hoi4d_samples2/mano_projection_vs_gt_2djoints/csv/sample_0045_right_ZY20210800002_H2_C1_N01_S336_s02_T1_f000000_mano_vs_gt.csv,hoi4d_samples2/mano_projection_vs_gt_2djoints/json/sample_0045_right_ZY20210800002_H2_C1_N01_S336_s02_T1_f000000_mano_vs_gt.json,hoi4d_samples2/mano_projection_vs_gt_2djoints/overlays/sample_0045_right_ZY20210800002_H2_C1_N01_S336_s02_T1_f000000_mano_vs_gt.jpg
sample_0046_right_ZY20210800002_H2_C1_N01_S336_s02_T1_f000042.jpg,1.2829534167,0.8912377833,1.7864622980,0.2064305895,5.1334959351,8,hoi4d_samples2/mano_projection_vs_gt_2djoints/csv/sample_0046_right_ZY20210800002_H2_C1_N01_S336_s02_T1_f000042_mano_vs_gt.csv,hoi4d_samples2/mano_projection_vs_gt_2djoints/json/sample_0046_right_ZY20210800002_H2_C1_N01_S336_s02_T1_f000042_mano_vs_gt.json,hoi4d_samples2/mano_projection_vs_gt_2djoints/overlays/sample_0046_right_ZY20210800002_H2_C1_N01_S336_s02_T1_f000042_mano_vs_gt.jpg
sample_0047_right_ZY20210800002_H2_C1_N01_S336_s02_T1_f000085.jpg,1.3406329424,0.8483796138,1.9863689048,0.1393144093,5.7061306049,4,hoi4d_samples2/mano_projection_vs_gt_2djoints/csv/sample_0047_right_ZY20210800002_H2_C1_N01_S336_s02_T1_f000085_mano_vs_gt.csv,hoi4d_samples2/mano_projection_vs_gt_2djoints/json/sample_0047_right_ZY20210800002_H2_C1_N01_S336_s02_T1_f000085_mano_vs_gt.json,hoi4d_samples2/mano_projection_vs_gt_2djoints/overlays/sample_0047_right_ZY20210800002_H2_C1_N01_S336_s02_T1_f000085_mano_vs_gt.jpg
sample_0048_right_ZY20210800002_H2_C1_N01_S336_s02_T1_f000128.jpg,1.2808763149,0.8329527912,1.7611635770,0.4210487126,5.0474902874,8,hoi4d_samples2/mano_projection_vs_gt_2djoints/csv/sample_0048_right_ZY20210800002_H2_C1_N01_S336_s02_T1_f000128_mano_vs_gt.csv,hoi4d_samples2/mano_projection_vs_gt_2djoints/json/sample_0048_right_ZY20210800002_H2_C1_N01_S336_s02_T1_f000128_mano_vs_gt.json,hoi4d_samples2/mano_projection_vs_gt_2djoints/overlays/sample_0048_right_ZY20210800002_H2_C1_N01_S336_s02_T1_f000128_mano_vs_gt.jpg
sample_0049_right_ZY20210800002_H2_C1_N01_S336_s02_T1_f000170.jpg,1.2473978298,0.8649267789,1.7752637763,0.1623224194,5.0280067026,4,hoi4d_samples2/mano_projection_vs_gt_2djoints/csv/sample_0049_right_ZY20210800002_H2_C1_N01_S336_s02_T1_f000170_mano_vs_gt.csv,hoi4d_samples2/mano_projection_vs_gt_2djoints/json/sample_0049_right_ZY20210800002_H2_C1_N01_S336_s02_T1_f000170_mano_vs_gt.json,hoi4d_samples2/mano_projection_vs_gt_2djoints/overlays/sample_0049_right_ZY20210800002_H2_C1_N01_S336_s02_T1_f000170_mano_vs_gt.jpg
sample_0050_right_ZY20210800002_H2_C2_N11_S25_s01_T1_f000000.jpg,1.4347022646,0.8839511316,1.9039042730,0.3241571711,4.6105904720,4,hoi4d_samples2/mano_projection_vs_gt_2djoints/csv/sample_0050_right_ZY20210800002_H2_C2_N11_S25_s01_T1_f000000_mano_vs_gt.csv,hoi4d_samples2/mano_projection_vs_gt_2djoints/json/sample_0050_right_ZY20210800002_H2_C2_N11_S25_s01_T1_f000000_mano_vs_gt.json,hoi4d_samples2/mano_projection_vs_gt_2djoints/overlays/sample_0050_right_ZY20210800002_H2_C2_N11_S25_s01_T1_f000000_mano_vs_gt.jpg
sample_0051_right_ZY20210800002_H2_C2_N11_S25_s01_T1_f000042.jpg,1.4731268226,0.8932564678,2.0651697808,0.2876117028,5.2735042506,4,hoi4d_samples2/mano_projection_vs_gt_2djoints/csv/sample_0051_right_ZY20210800002_H2_C2_N11_S25_s01_T1_f000042_mano_vs_gt.csv,hoi4d_samples2/mano_projection_vs_gt_2djoints/json/sample_0051_right_ZY20210800002_H2_C2_N11_S25_s01_T1_f000042_mano_vs_gt.json,hoi4d_samples2/mano_projection_vs_gt_2djoints/overlays/sample_0051_right_ZY20210800002_H2_C2_N11_S25_s01_T1_f000042_mano_vs_gt.jpg
sample_0052_right_ZY20210800002_H2_C2_N11_S25_s01_T1_f000085.jpg,1.6245175427,1.0086912975,2.2751971973,0.2122847198,6.1108099713,4,hoi4d_samples2/mano_projection_vs_gt_2djoints/csv/sample_0052_right_ZY20210800002_H2_C2_N11_S25_s01_T1_f000085_mano_vs_gt.csv,hoi4d_samples2/mano_projection_vs_gt_2djoints/json/sample_0052_right_ZY20210800002_H2_C2_N11_S25_s01_T1_f000085_mano_vs_gt.json,hoi4d_samples2/mano_projection_vs_gt_2djoints/overlays/sample_0052_right_ZY20210800002_H2_C2_N11_S25_s01_T1_f000085_mano_vs_gt.jpg
sample_0053_right_ZY20210800002_H2_C2_N11_S25_s01_T1_f000128.jpg,1.3516340126,0.8581899686,1.9690707511,0.1597320485,6.0353182741,8,hoi4d_samples2/mano_projection_vs_gt_2djoints/csv/sample_0053_right_ZY20210800002_H2_C2_N11_S25_s01_T1_f000128_mano_vs_gt.csv,hoi4d_samples2/mano_projection_vs_gt_2djoints/json/sample_0053_right_ZY20210800002_H2_C2_N11_S25_s01_T1_f000128_mano_vs_gt.json,hoi4d_samples2/mano_projection_vs_gt_2djoints/overlays/sample_0053_right_ZY20210800002_H2_C2_N11_S25_s01_T1_f000128_mano_vs_gt.jpg
sample_0054_right_ZY20210800002_H2_C2_N11_S25_s01_T1_f000170.jpg,1.5267139256,0.9621908779,2.2601610746,0.2441333316,6.8003608365,8,hoi4d_samples2/mano_projection_vs_gt_2djoints/csv/sample_0054_right_ZY20210800002_H2_C2_N11_S25_s01_T1_f000170_mano_vs_gt.csv,hoi4d_samples2/mano_projection_vs_gt_2djoints/json/sample_0054_right_ZY20210800002_H2_C2_N11_S25_s01_T1_f000170_mano_vs_gt.json,hoi4d_samples2/mano_projection_vs_gt_2djoints/overlays/sample_0054_right_ZY20210800002_H2_C2_N11_S25_s01_T1_f000170_mano_vs_gt.jpg
sample_0055_right_ZY20210800002_H2_C3_N02_S354_s01_T2_f000022.jpg,1.3716358996,0.7201960186,2.0282954770,0.2774357097,6.4006151772,8,hoi4d_samples2/mano_projection_vs_gt_2djoints/csv/sample_0055_right_ZY20210800002_H2_C3_N02_S354_s01_T2_f000022_mano_vs_gt.csv,hoi4d_samples2/mano_projection_vs_gt_2djoints/json/sample_0055_right_ZY20210800002_H2_C3_N02_S354_s01_T2_f000022_mano_vs_gt.json,hoi4d_samples2/mano_projection_vs_gt_2djoints/overlays/sample_0055_right_ZY20210800002_H2_C3_N02_S354_s01_T2_f000022_mano_vs_gt.jpg
sample_0056_right_ZY20210800002_H2_C3_N02_S354_s01_T2_f000055.jpg,1.3355656851,0.8159941898,1.8687257621,0.2145342420,4.8050018916,4,hoi4d_samples2/mano_projection_vs_gt_2djoints/csv/sample_0056_right_ZY20210800002_H2_C3_N02_S354_s01_T2_f000055_mano_vs_gt.csv,hoi4d_samples2/mano_projection_vs_gt_2djoints/json/sample_0056_right_ZY20210800002_H2_C3_N02_S354_s01_T2_f000055_mano_vs_gt.json,hoi4d_samples2/mano_projection_vs_gt_2djoints/overlays/sample_0056_right_ZY20210800002_H2_C3_N02_S354_s01_T2_f000055_mano_vs_gt.jpg
sample_0057_right_ZY20210800002_H2_C3_N02_S354_s01_T2_f000089.jpg,1.3203842289,0.9999201754,1.9377941403,0.1719736307,5.4860423775,8,hoi4d_samples2/mano_projection_vs_gt_2djoints/csv/sample_0057_right_ZY20210800002_H2_C3_N02_S354_s01_T2_f000089_mano_vs_gt.csv,hoi4d_samples2/mano_projection_vs_gt_2djoints/json/sample_0057_right_ZY20210800002_H2_C3_N02_S354_s01_T2_f000089_mano_vs_gt.json,hoi4d_samples2/mano_projection_vs_gt_2djoints/overlays/sample_0057_right_ZY20210800002_H2_C3_N02_S354_s01_T2_f000089_mano_vs_gt.jpg
sample_0058_right_ZY20210800002_H2_C3_N02_S354_s01_T2_f000122.jpg,1.2774845863,0.8143337098,1.8298174840,0.1171181909,5.2197001567,4,hoi4d_samples2/mano_projection_vs_gt_2djoints/csv/sample_0058_right_ZY20210800002_H2_C3_N02_S354_s01_T2_f000122_mano_vs_gt.csv,hoi4d_samples2/mano_projection_vs_gt_2djoints/json/sample_0058_right_ZY20210800002_H2_C3_N02_S354_s01_T2_f000122_mano_vs_gt.json,hoi4d_samples2/mano_projection_vs_gt_2djoints/overlays/sample_0058_right_ZY20210800002_H2_C3_N02_S354_s01_T2_f000122_mano_vs_gt.jpg
sample_0059_right_ZY20210800002_H2_C3_N02_S354_s01_T2_f000181.jpg,1.3027305070,0.8585094032,1.8435228764,0.3193010292,5.2028054609,8,hoi4d_samples2/mano_projection_vs_gt_2djoints/csv/sample_0059_right_ZY20210800002_H2_C3_N02_S354_s01_T2_f000181_mano_vs_gt.csv,hoi4d_samples2/mano_projection_vs_gt_2djoints/json/sample_0059_right_ZY20210800002_H2_C3_N02_S354_s01_T2_f000181_mano_vs_gt.json,hoi4d_samples2/mano_projection_vs_gt_2djoints/overlays/sample_0059_right_ZY20210800002_H2_C3_N02_S354_s01_T2_f000181_mano_vs_gt.jpg
sample_0060_right_ZY20210800002_H2_C5_N11_S121_s01_T3_f000000.jpg,1.3913312004,0.8639374598,1.9329810532,0.2462581616,5.5311804452,4,hoi4d_samples2/mano_projection_vs_gt_2djoints/csv/sample_0060_right_ZY20210800002_H2_C5_N11_S121_s01_T3_f000000_mano_vs_gt.csv,hoi4d_samples2/mano_projection_vs_gt_2djoints/json/sample_0060_right_ZY20210800002_H2_C5_N11_S121_s01_T3_f000000_mano_vs_gt.json,hoi4d_samples2/mano_projection_vs_gt_2djoints/overlays/sample_0060_right_ZY20210800002_H2_C5_N11_S121_s01_T3_f000000_mano_vs_gt.jpg
sample_0061_right_ZY20210800002_H2_C5_N11_S121_s01_T3_f000042.jpg,1.2074473842,0.8362823108,1.7430000816,0.2932602601,4.7820579126,4,hoi4d_samples2/mano_projection_vs_gt_2djoints/csv/sample_0061_right_ZY20210800002_H2_C5_N11_S121_s01_T3_f000042_mano_vs_gt.csv,hoi4d_samples2/mano_projection_vs_gt_2djoints/json/sample_0061_right_ZY20210800002_H2_C5_N11_S121_s01_T3_f000042_mano_vs_gt.json,hoi4d_samples2/mano_projection_vs_gt_2djoints/overlays/sample_0061_right_ZY20210800002_H2_C5_N11_S121_s01_T3_f000042_mano_vs_gt.jpg
sample_0062_right_ZY20210800002_H2_C5_N11_S121_s01_T3_f000085.jpg,1.3460348936,0.9224657451,1.8691353604,0.2763171396,5.4351046536,4,hoi4d_samples2/mano_projection_vs_gt_2djoints/csv/sample_0062_right_ZY20210800002_H2_C5_N11_S121_s01_T3_f000085_mano_vs_gt.csv,hoi4d_samples2/mano_projection_vs_gt_2djoints/json/sample_0062_right_ZY20210800002_H2_C5_N11_S121_s01_T3_f000085_mano_vs_gt.json,hoi4d_samples2/mano_projection_vs_gt_2djoints/overlays/sample_0062_right_ZY20210800002_H2_C5_N11_S121_s01_T3_f000085_mano_vs_gt.jpg
sample_0063_right_ZY20210800002_H2_C5_N11_S121_s01_T3_f000128.jpg,1.3798887771,0.9548103227,1.8375455258,0.2591182305,4.6768108731,4,hoi4d_samples2/mano_projection_vs_gt_2djoints/csv/sample_0063_right_ZY20210800002_H2_C5_N11_S121_s01_T3_f000128_mano_vs_gt.csv,hoi4d_samples2/mano_projection_vs_gt_2djoints/json/sample_0063_right_ZY20210800002_H2_C5_N11_S121_s01_T3_f000128_mano_vs_gt.json,hoi4d_samples2/mano_projection_vs_gt_2djoints/overlays/sample_0063_right_ZY20210800002_H2_C5_N11_S121_s01_T3_f000128_mano_vs_gt.jpg
sample_0064_right_ZY20210800002_H2_C5_N11_S121_s01_T3_f000170.jpg,1.3395289821,0.9199428211,1.8720761763,0.2796884913,4.9114658000,4,hoi4d_samples2/mano_projection_vs_gt_2djoints/csv/sample_0064_right_ZY20210800002_H2_C5_N11_S121_s01_T3_f000170_mano_vs_gt.csv,hoi4d_samples2/mano_projection_vs_gt_2djoints/json/sample_0064_right_ZY20210800002_H2_C5_N11_S121_s01_T3_f000170_mano_vs_gt.json,hoi4d_samples2/mano_projection_vs_gt_2djoints/overlays/sample_0064_right_ZY20210800002_H2_C5_N11_S121_s01_T3_f000170_mano_vs_gt.jpg
sample_0065_right_ZY20210800002_H2_C7_N11_S64_s01_T1_f000000.jpg,1.2047310047,0.7568344444,1.8497374967,0.1464748585,5.1561711557,8,hoi4d_samples2/mano_projection_vs_gt_2djoints/csv/sample_0065_right_ZY20210800002_H2_C7_N11_S64_s01_T1_f000000_mano_vs_gt.csv,hoi4d_samples2/mano_projection_vs_gt_2djoints/json/sample_0065_right_ZY20210800002_H2_C7_N11_S64_s01_T1_f000000_mano_vs_gt.json,hoi4d_samples2/mano_projection_vs_gt_2djoints/overlays/sample_0065_right_ZY20210800002_H2_C7_N11_S64_s01_T1_f000000_mano_vs_gt.jpg
sample_0066_right_ZY20210800002_H2_C7_N11_S64_s01_T1_f000042.jpg,1.1595886300,0.8279538320,1.4717672009,0.3629209045,4.3421541056,4,hoi4d_samples2/mano_projection_vs_gt_2djoints/csv/sample_0066_right_ZY20210800002_H2_C7_N11_S64_s01_T1_f000042_mano_vs_gt.csv,hoi4d_samples2/mano_projection_vs_gt_2djoints/json/sample_0066_right_ZY20210800002_H2_C7_N11_S64_s01_T1_f000042_mano_vs_gt.json,hoi4d_samples2/mano_projection_vs_gt_2djoints/overlays/sample_0066_right_ZY20210800002_H2_C7_N11_S64_s01_T1_f000042_mano_vs_gt.jpg
sample_0067_right_ZY20210800002_H2_C7_N11_S64_s01_T1_f000085.jpg,1.2074663833,0.9786713141,1.5649417878,0.3424267736,4.8506317565,4,hoi4d_samples2/mano_projection_vs_gt_2djoints/csv/sample_0067_right_ZY20210800002_H2_C7_N11_S64_s01_T1_f000085_mano_vs_gt.csv,hoi4d_samples2/mano_projection_vs_gt_2djoints/json/sample_0067_right_ZY20210800002_H2_C7_N11_S64_s01_T1_f000085_mano_vs_gt.json,hoi4d_samples2/mano_projection_vs_gt_2djoints/overlays/sample_0067_right_ZY20210800002_H2_C7_N11_S64_s01_T1_f000085_mano_vs_gt.jpg
sample_0068_right_ZY20210800002_H2_C7_N11_S64_s01_T1_f000128.jpg,1.2412820695,0.9821024156,1.6330690820,0.2820222421,4.4275683405,4,hoi4d_samples2/mano_projection_vs_gt_2djoints/csv/sample_0068_right_ZY20210800002_H2_C7_N11_S64_s01_T1_f000128_mano_vs_gt.csv,hoi4d_samples2/mano_projection_vs_gt_2djoints/json/sample_0068_right_ZY20210800002_H2_C7_N11_S64_s01_T1_f000128_mano_vs_gt.json,hoi4d_samples2/mano_projection_vs_gt_2djoints/overlays/sample_0068_right_ZY20210800002_H2_C7_N11_S64_s01_T1_f000128_mano_vs_gt.jpg
sample_0069_right_ZY20210800002_H2_C7_N11_S64_s01_T1_f000170.jpg,1.3206746371,0.9991676868,1.6903183576,0.1609364027,4.6585804227,4,hoi4d_samples2/mano_projection_vs_gt_2djoints/csv/sample_0069_right_ZY20210800002_H2_C7_N11_S64_s01_T1_f000170_mano_vs_gt.csv,hoi4d_samples2/mano_projection_vs_gt_2djoints/json/sample_0069_right_ZY20210800002_H2_C7_N11_S64_s01_T1_f000170_mano_vs_gt.json,hoi4d_samples2/mano_projection_vs_gt_2djoints/overlays/sample_0069_right_ZY20210800002_H2_C7_N11_S64_s01_T1_f000170_mano_vs_gt.jpg
sample_0070_right_ZY20210800002_H2_C12_N11_S154_s03_T1_f000026.jpg,1.2601463034,1.0372476991,1.6159354568,0.3221861995,4.2694612717,8,hoi4d_samples2/mano_projection_vs_gt_2djoints/csv/sample_0070_right_ZY20210800002_H2_C12_N11_S154_s03_T1_f000026_mano_vs_gt.csv,hoi4d_samples2/mano_projection_vs_gt_2djoints/json/sample_0070_right_ZY20210800002_H2_C12_N11_S154_s03_T1_f000026_mano_vs_gt.json,hoi4d_samples2/mano_projection_vs_gt_2djoints/overlays/sample_0070_right_ZY20210800002_H2_C12_N11_S154_s03_T1_f000026_mano_vs_gt.jpg
sample_0071_right_ZY20210800002_H2_C12_N11_S154_s03_T1_f000059.jpg,1.3446889288,0.9257360595,1.8402655318,0.3080433598,5.2676453059,8,hoi4d_samples2/mano_projection_vs_gt_2djoints/csv/sample_0071_right_ZY20210800002_H2_C12_N11_S154_s03_T1_f000059_mano_vs_gt.csv,hoi4d_samples2/mano_projection_vs_gt_2djoints/json/sample_0071_right_ZY20210800002_H2_C12_N11_S154_s03_T1_f000059_mano_vs_gt.json,hoi4d_samples2/mano_projection_vs_gt_2djoints/overlays/sample_0071_right_ZY20210800002_H2_C12_N11_S154_s03_T1_f000059_mano_vs_gt.jpg
sample_0072_right_ZY20210800002_H2_C12_N11_S154_s03_T1_f000092.jpg,1.2392710538,0.8196041937,1.6677249544,0.3848405273,4.3406984861,4,hoi4d_samples2/mano_projection_vs_gt_2djoints/csv/sample_0072_right_ZY20210800002_H2_C12_N11_S154_s03_T1_f000092_mano_vs_gt.csv,hoi4d_samples2/mano_projection_vs_gt_2djoints/json/sample_0072_right_ZY20210800002_H2_C12_N11_S154_s03_T1_f000092_mano_vs_gt.json,hoi4d_samples2/mano_projection_vs_gt_2djoints/overlays/sample_0072_right_ZY20210800002_H2_C12_N11_S154_s03_T1_f000092_mano_vs_gt.jpg
sample_0073_right_ZY20210800002_H2_C12_N11_S154_s03_T1_f000125.jpg,1.2252042214,0.8440817965,1.7419143950,0.1268112719,4.9029044690,4,hoi4d_samples2/mano_projection_vs_gt_2djoints/csv/sample_0073_right_ZY20210800002_H2_C12_N11_S154_s03_T1_f000125_mano_vs_gt.csv,hoi4d_samples2/mano_projection_vs_gt_2djoints/json/sample_0073_right_ZY20210800002_H2_C12_N11_S154_s03_T1_f000125_mano_vs_gt.json,hoi4d_samples2/mano_projection_vs_gt_2djoints/overlays/sample_0073_right_ZY20210800002_H2_C12_N11_S154_s03_T1_f000125_mano_vs_gt.jpg
sample_0074_right_ZY20210800002_H2_C12_N11_S154_s03_T1_f000190.jpg,1.3557056847,0.8919042234,1.9410567392,0.2527185129,5.5875983988,8,hoi4d_samples2/mano_projection_vs_gt_2djoints/csv/sample_0074_right_ZY20210800002_H2_C12_N11_S154_s03_T1_f000190_mano_vs_gt.csv,hoi4d_samples2/mano_projection_vs_gt_2djoints/json/sample_0074_right_ZY20210800002_H2_C12_N11_S154_s03_T1_f000190_mano_vs_gt.json,hoi4d_samples2/mano_projection_vs_gt_2djoints/overlays/sample_0074_right_ZY20210800002_H2_C12_N11_S154_s03_T1_f000190_mano_vs_gt.jpg
sample_0075_right_ZY20210800002_H2_C13_N11_S124_s03_T1_f000027.jpg,1.4344782979,0.9900270570,1.9634809528,0.2713060723,6.2290312176,8,hoi4d_samples2/mano_projection_vs_gt_2djoints/csv/sample_0075_right_ZY20210800002_H2_C13_N11_S124_s03_T1_f000027_mano_vs_gt.csv,hoi4d_samples2/mano_projection_vs_gt_2djoints/json/sample_0075_right_ZY20210800002_H2_C13_N11_S124_s03_T1_f000027_mano_vs_gt.json,hoi4d_samples2/mano_projection_vs_gt_2djoints/overlays/sample_0075_right_ZY20210800002_H2_C13_N11_S124_s03_T1_f000027_mano_vs_gt.jpg
sample_0076_right_ZY20210800002_H2_C13_N11_S124_s03_T1_f000060.jpg,1.2136128838,0.8077734985,1.7682782860,0.1925755657,4.9794784051,8,hoi4d_samples2/mano_projection_vs_gt_2djoints/csv/sample_0076_right_ZY20210800002_H2_C13_N11_S124_s03_T1_f000060_mano_vs_gt.csv,hoi4d_samples2/mano_projection_vs_gt_2djoints/json/sample_0076_right_ZY20210800002_H2_C13_N11_S124_s03_T1_f000060_mano_vs_gt.json,hoi4d_samples2/mano_projection_vs_gt_2djoints/overlays/sample_0076_right_ZY20210800002_H2_C13_N11_S124_s03_T1_f000060_mano_vs_gt.jpg
sample_0077_right_ZY20210800002_H2_C13_N11_S124_s03_T1_f000093.jpg,1.1625386262,0.8030315268,1.5276775285,0.2219970001,4.8220246647,8,hoi4d_samples2/mano_projection_vs_gt_2djoints/csv/sample_0077_right_ZY20210800002_H2_C13_N11_S124_s03_T1_f000093_mano_vs_gt.csv,hoi4d_samples2/mano_projection_vs_gt_2djoints/json/sample_0077_right_ZY20210800002_H2_C13_N11_S124_s03_T1_f000093_mano_vs_gt.json,hoi4d_samples2/mano_projection_vs_gt_2djoints/overlays/sample_0077_right_ZY20210800002_H2_C13_N11_S124_s03_T1_f000093_mano_vs_gt.jpg
sample_0078_right_ZY20210800002_H2_C13_N11_S124_s03_T1_f000127.jpg,1.2094473654,0.8838563887,1.5503108047,0.3091895247,4.4556957400,8,hoi4d_samples2/mano_projection_vs_gt_2djoints/csv/sample_0078_right_ZY20210800002_H2_C13_N11_S124_s03_T1_f000127_mano_vs_gt.csv,hoi4d_samples2/mano_projection_vs_gt_2djoints/json/sample_0078_right_ZY20210800002_H2_C13_N11_S124_s03_T1_f000127_mano_vs_gt.json,hoi4d_samples2/mano_projection_vs_gt_2djoints/overlays/sample_0078_right_ZY20210800002_H2_C13_N11_S124_s03_T1_f000127_mano_vs_gt.jpg
sample_0079_right_ZY20210800002_H2_C13_N11_S124_s03_T1_f000179.jpg,1.4425392426,0.8389232073,1.9745499120,0.3102798378,4.9551937996,8,hoi4d_samples2/mano_projection_vs_gt_2djoints/csv/sample_0079_right_ZY20210800002_H2_C13_N11_S124_s03_T1_f000179_mano_vs_gt.csv,hoi4d_samples2/mano_projection_vs_gt_2djoints/json/sample_0079_right_ZY20210800002_H2_C13_N11_S124_s03_T1_f000179_mano_vs_gt.json,hoi4d_samples2/mano_projection_vs_gt_2djoints/overlays/sample_0079_right_ZY20210800002_H2_C13_N11_S124_s03_T1_f000179_mano_vs_gt.jpg
sample_0080_right_ZY20210800002_H2_C14_N11_S161_s03_T1_f000023.jpg,1.3822367063,0.9612227348,1.8032195355,0.2705197563,3.8727508040,8,hoi4d_samples2/mano_projection_vs_gt_2djoints/csv/sample_0080_right_ZY20210800002_H2_C14_N11_S161_s03_T1_f000023_mano_vs_gt.csv,hoi4d_samples2/mano_projection_vs_gt_2djoints/json/sample_0080_right_ZY20210800002_H2_C14_N11_S161_s03_T1_f000023_mano_vs_gt.json,hoi4d_samples2/mano_projection_vs_gt_2djoints/overlays/sample_0080_right_ZY20210800002_H2_C14_N11_S161_s03_T1_f000023_mano_vs_gt.jpg
sample_0081_right_ZY20210800002_H2_C14_N11_S161_s03_T1_f000059.jpg,1.3150958336,0.8894720248,1.7964698672,0.2946018056,5.2926613637,8,hoi4d_samples2/mano_projection_vs_gt_2djoints/csv/sample_0081_right_ZY20210800002_H2_C14_N11_S161_s03_T1_f000059_mano_vs_gt.csv,hoi4d_samples2/mano_projection_vs_gt_2djoints/json/sample_0081_right_ZY20210800002_H2_C14_N11_S161_s03_T1_f000059_mano_vs_gt.json,hoi4d_samples2/mano_projection_vs_gt_2djoints/overlays/sample_0081_right_ZY20210800002_H2_C14_N11_S161_s03_T1_f000059_mano_vs_gt.jpg
sample_0082_right_ZY20210800002_H2_C14_N11_S161_s03_T1_f000095.jpg,1.2327938816,0.7867840846,1.8119864238,0.2466390648,5.3420283677,8,hoi4d_samples2/mano_projection_vs_gt_2djoints/csv/sample_0082_right_ZY20210800002_H2_C14_N11_S161_s03_T1_f000095_mano_vs_gt.csv,hoi4d_samples2/mano_projection_vs_gt_2djoints/json/sample_0082_right_ZY20210800002_H2_C14_N11_S161_s03_T1_f000095_mano_vs_gt.json,hoi4d_samples2/mano_projection_vs_gt_2djoints/overlays/sample_0082_right_ZY20210800002_H2_C14_N11_S161_s03_T1_f000095_mano_vs_gt.jpg
sample_0083_right_ZY20210800002_H2_C14_N11_S161_s03_T1_f000131.jpg,1.2223131193,0.8053151900,1.7442467831,0.2041951320,5.1497092331,4,hoi4d_samples2/mano_projection_vs_gt_2djoints/csv/sample_0083_right_ZY20210800002_H2_C14_N11_S161_s03_T1_f000131_mano_vs_gt.csv,hoi4d_samples2/mano_projection_vs_gt_2djoints/json/sample_0083_right_ZY20210800002_H2_C14_N11_S161_s03_T1_f000131_mano_vs_gt.json,hoi4d_samples2/mano_projection_vs_gt_2djoints/overlays/sample_0083_right_ZY20210800002_H2_C14_N11_S161_s03_T1_f000131_mano_vs_gt.jpg
sample_0084_right_ZY20210800002_H2_C14_N11_S161_s03_T1_f000191.jpg,1.3309613233,0.8256694647,2.0283574878,0.0320553107,6.8399085570,4,hoi4d_samples2/mano_projection_vs_gt_2djoints/csv/sample_0084_right_ZY20210800002_H2_C14_N11_S161_s03_T1_f000191_mano_vs_gt.csv,hoi4d_samples2/mano_projection_vs_gt_2djoints/json/sample_0084_right_ZY20210800002_H2_C14_N11_S161_s03_T1_f000191_mano_vs_gt.json,hoi4d_samples2/mano_projection_vs_gt_2djoints/overlays/sample_0084_right_ZY20210800002_H2_C14_N11_S161_s03_T1_f000191_mano_vs_gt.jpg
sample_0085_right_ZY20210800002_H2_C20_N11_S271_s03_T1_f000056.jpg,1.3054737575,0.8788393455,1.8704895349,0.1913605717,5.1297610843,8,hoi4d_samples2/mano_projection_vs_gt_2djoints/csv/sample_0085_right_ZY20210800002_H2_C20_N11_S271_s03_T1_f000056_mano_vs_gt.csv,hoi4d_samples2/mano_projection_vs_gt_2djoints/json/sample_0085_right_ZY20210800002_H2_C20_N11_S271_s03_T1_f000056_mano_vs_gt.json,hoi4d_samples2/mano_projection_vs_gt_2djoints/overlays/sample_0085_right_ZY20210800002_H2_C20_N11_S271_s03_T1_f000056_mano_vs_gt.jpg
sample_0086_right_ZY20210800002_H2_C20_N11_S271_s03_T1_f000080.jpg,1.2861701683,0.8762551505,1.8384477549,0.1380747353,4.7445361976,4,hoi4d_samples2/mano_projection_vs_gt_2djoints/csv/sample_0086_right_ZY20210800002_H2_C20_N11_S271_s03_T1_f000080_mano_vs_gt.csv,hoi4d_samples2/mano_projection_vs_gt_2djoints/json/sample_0086_right_ZY20210800002_H2_C20_N11_S271_s03_T1_f000080_mano_vs_gt.json,hoi4d_samples2/mano_projection_vs_gt_2djoints/overlays/sample_0086_right_ZY20210800002_H2_C20_N11_S271_s03_T1_f000080_mano_vs_gt.jpg
sample_0087_right_ZY20210800002_H2_C20_N11_S271_s03_T1_f000104.jpg,1.5203777135,0.9073245133,2.2607288027,0.1863474829,6.5120247281,8,hoi4d_samples2/mano_projection_vs_gt_2djoints/csv/sample_0087_right_ZY20210800002_H2_C20_N11_S271_s03_T1_f000104_mano_vs_gt.csv,hoi4d_samples2/mano_projection_vs_gt_2djoints/json/sample_0087_right_ZY20210800002_H2_C20_N11_S271_s03_T1_f000104_mano_vs_gt.json,hoi4d_samples2/mano_projection_vs_gt_2djoints/overlays/sample_0087_right_ZY20210800002_H2_C20_N11_S271_s03_T1_f000104_mano_vs_gt.jpg
sample_0088_right_ZY20210800002_H2_C20_N11_S271_s03_T1_f000128.jpg,1.5461837602,0.8852050510,2.2499964764,0.2963051573,6.4887563614,8,hoi4d_samples2/mano_projection_vs_gt_2djoints/csv/sample_0088_right_ZY20210800002_H2_C20_N11_S271_s03_T1_f000128_mano_vs_gt.csv,hoi4d_samples2/mano_projection_vs_gt_2djoints/json/sample_0088_right_ZY20210800002_H2_C20_N11_S271_s03_T1_f000128_mano_vs_gt.json,hoi4d_samples2/mano_projection_vs_gt_2djoints/overlays/sample_0088_right_ZY20210800002_H2_C20_N11_S271_s03_T1_f000128_mano_vs_gt.jpg
sample_0089_right_ZY20210800002_H2_C20_N11_S271_s03_T1_f000173.jpg,1.3821256679,0.7710806227,2.1216093383,0.3118290576,6.4487082012,8,hoi4d_samples2/mano_projection_vs_gt_2djoints/csv/sample_0089_right_ZY20210800002_H2_C20_N11_S271_s03_T1_f000173_mano_vs_gt.csv,hoi4d_samples2/mano_projection_vs_gt_2djoints/json/sample_0089_right_ZY20210800002_H2_C20_N11_S271_s03_T1_f000173_mano_vs_gt.json,hoi4d_samples2/mano_projection_vs_gt_2djoints/overlays/sample_0089_right_ZY20210800002_H2_C20_N11_S271_s03_T1_f000173_mano_vs_gt.jpg
sample_0090_right_ZY20210800003_H3_C1_N02_S86_s01_T1_f000000.jpg,1.5405332827,0.9295767101,2.2624109831,0.2030071540,6.5915093240,4,hoi4d_samples2/mano_projection_vs_gt_2djoints/csv/sample_0090_right_ZY20210800003_H3_C1_N02_S86_s01_T1_f000000_mano_vs_gt.csv,hoi4d_samples2/mano_projection_vs_gt_2djoints/json/sample_0090_right_ZY20210800003_H3_C1_N02_S86_s01_T1_f000000_mano_vs_gt.json,hoi4d_samples2/mano_projection_vs_gt_2djoints/overlays/sample_0090_right_ZY20210800003_H3_C1_N02_S86_s01_T1_f000000_mano_vs_gt.jpg
sample_0091_right_ZY20210800003_H3_C1_N02_S86_s01_T1_f000042.jpg,1.5915585126,0.9681622587,2.3185196669,0.2214093505,6.4923290121,4,hoi4d_samples2/mano_projection_vs_gt_2djoints/csv/sample_0091_right_ZY20210800003_H3_C1_N02_S86_s01_T1_f000042_mano_vs_gt.csv,hoi4d_samples2/mano_projection_vs_gt_2djoints/json/sample_0091_right_ZY20210800003_H3_C1_N02_S86_s01_T1_f000042_mano_vs_gt.json,hoi4d_samples2/mano_projection_vs_gt_2djoints/overlays/sample_0091_right_ZY20210800003_H3_C1_N02_S86_s01_T1_f000042_mano_vs_gt.jpg
sample_0092_right_ZY20210800003_H3_C1_N02_S86_s01_T1_f000085.jpg,1.6369234046,0.9814105140,2.2832510766,0.3573339933,6.2517658879,4,hoi4d_samples2/mano_projection_vs_gt_2djoints/csv/sample_0092_right_ZY20210800003_H3_C1_N02_S86_s01_T1_f000085_mano_vs_gt.csv,hoi4d_samples2/mano_projection_vs_gt_2djoints/json/sample_0092_right_ZY20210800003_H3_C1_N02_S86_s01_T1_f000085_mano_vs_gt.json,hoi4d_samples2/mano_projection_vs_gt_2djoints/overlays/sample_0092_right_ZY20210800003_H3_C1_N02_S86_s01_T1_f000085_mano_vs_gt.jpg
sample_0093_right_ZY20210800003_H3_C1_N02_S86_s01_T1_f000128.jpg,1.7095641287,1.1286814041,2.3284577858,0.5554544760,6.7906419659,4,hoi4d_samples2/mano_projection_vs_gt_2djoints/csv/sample_0093_right_ZY20210800003_H3_C1_N02_S86_s01_T1_f000128_mano_vs_gt.csv,hoi4d_samples2/mano_projection_vs_gt_2djoints/json/sample_0093_right_ZY20210800003_H3_C1_N02_S86_s01_T1_f000128_mano_vs_gt.json,hoi4d_samples2/mano_projection_vs_gt_2djoints/overlays/sample_0093_right_ZY20210800003_H3_C1_N02_S86_s01_T1_f000128_mano_vs_gt.jpg
sample_0094_right_ZY20210800003_H3_C1_N02_S86_s01_T1_f000170.jpg,1.6462623907,0.9994014765,2.3082058245,0.3319356981,6.8351744761,4,hoi4d_samples2/mano_projection_vs_gt_2djoints/csv/sample_0094_right_ZY20210800003_H3_C1_N02_S86_s01_T1_f000170_mano_vs_gt.csv,hoi4d_samples2/mano_projection_vs_gt_2djoints/json/sample_0094_right_ZY20210800003_H3_C1_N02_S86_s01_T1_f000170_mano_vs_gt.json,hoi4d_samples2/mano_projection_vs_gt_2djoints/overlays/sample_0094_right_ZY20210800003_H3_C1_N02_S86_s01_T1_f000170_mano_vs_gt.jpg
sample_0095_right_ZY20210800003_H3_C2_N11_S215_s03_T5_f000021.jpg,1.2719304874,0.7550467830,2.0172551985,0.0911016483,6.8376783720,8,hoi4d_samples2/mano_projection_vs_gt_2djoints/csv/sample_0095_right_ZY20210800003_H3_C2_N11_S215_s03_T5_f000021_mano_vs_gt.csv,hoi4d_samples2/mano_projection_vs_gt_2djoints/json/sample_0095_right_ZY20210800003_H3_C2_N11_S215_s03_T5_f000021_mano_vs_gt.json,hoi4d_samples2/mano_projection_vs_gt_2djoints/overlays/sample_0095_right_ZY20210800003_H3_C2_N11_S215_s03_T5_f000021_mano_vs_gt.jpg
sample_0096_right_ZY20210800003_H3_C2_N11_S215_s03_T5_f000055.jpg,1.4792476686,0.9844478469,1.9291864212,0.1079930128,4.7458844822,8,hoi4d_samples2/mano_projection_vs_gt_2djoints/csv/sample_0096_right_ZY20210800003_H3_C2_N11_S215_s03_T5_f000055_mano_vs_gt.csv,hoi4d_samples2/mano_projection_vs_gt_2djoints/json/sample_0096_right_ZY20210800003_H3_C2_N11_S215_s03_T5_f000055_mano_vs_gt.json,hoi4d_samples2/mano_projection_vs_gt_2djoints/overlays/sample_0096_right_ZY20210800003_H3_C2_N11_S215_s03_T5_f000055_mano_vs_gt.jpg
sample_0097_right_ZY20210800003_H3_C2_N11_S215_s03_T5_f000089.jpg,1.4557458197,0.9580901526,1.9178630771,0.4434020432,5.7376292996,4,hoi4d_samples2/mano_projection_vs_gt_2djoints/csv/sample_0097_right_ZY20210800003_H3_C2_N11_S215_s03_T5_f000089_mano_vs_gt.csv,hoi4d_samples2/mano_projection_vs_gt_2djoints/json/sample_0097_right_ZY20210800003_H3_C2_N11_S215_s03_T5_f000089_mano_vs_gt.json,hoi4d_samples2/mano_projection_vs_gt_2djoints/overlays/sample_0097_right_ZY20210800003_H3_C2_N11_S215_s03_T5_f000089_mano_vs_gt.jpg
sample_0098_right_ZY20210800003_H3_C2_N11_S215_s03_T5_f000123.jpg,1.4677099252,0.9475428066,2.1137758240,0.2816190038,6.6317113427,8,hoi4d_samples2/mano_projection_vs_gt_2djoints/csv/sample_0098_right_ZY20210800003_H3_C2_N11_S215_s03_T5_f000123_mano_vs_gt.csv,hoi4d_samples2/mano_projection_vs_gt_2djoints/json/sample_0098_right_ZY20210800003_H3_C2_N11_S215_s03_T5_f000123_mano_vs_gt.json,hoi4d_samples2/mano_projection_vs_gt_2djoints/overlays/sample_0098_right_ZY20210800003_H3_C2_N11_S215_s03_T5_f000123_mano_vs_gt.jpg
sample_0099_right_ZY20210800003_H3_C2_N11_S215_s03_T5_f000168.jpg,1.3414323332,0.9108359870,1.9577623991,0.2202988864,6.2593438575,8,hoi4d_samples2/mano_projection_vs_gt_2djoints/csv/sample_0099_right_ZY20210800003_H3_C2_N11_S215_s03_T5_f000168_mano_vs_gt.csv,hoi4d_samples2/mano_projection_vs_gt_2djoints/json/sample_0099_right_ZY20210800003_H3_C2_N11_S215_s03_T5_f000168_mano_vs_gt.json,hoi4d_samples2/mano_projection_vs_gt_2djoints/overlays/sample_0099_right_ZY20210800003_H3_C2_N11_S215_s03_T5_f000168_mano_vs_gt.jpg
